{
    "zoma_ac_cn_body": {
        "rotateX": 0.0, 
        "rotateY": 0.0, 
        "rotateZ": 0.0, 
        "translateX": 0.0, 
        "translateY": -56.5914087390984, 
        "translateZ": 0.0
    }, 
    "zoma_ac_cn_chest": {
        "rotateX": 0.0, 
        "rotateY": 0.0, 
        "rotateZ": 0.0, 
        "spineIK": 1.0, 
        "translateX": 0.0, 
        "translateY": 0.0, 
        "translateZ": 0.0
    }, 
    "zoma_ac_cn_cog": {
        "rotateX": 0.0, 
        "rotateY": 0.0, 
        "rotateZ": 0.0, 
        "translateX": 0.0, 
        "translateY": 0.0, 
        "translateZ": 0.0
    }, 
    "zoma_ac_cn_eye_target": {
        "converge": 0.0, 
        "lookThroughDistance": 151.0, 
        "translateX": 0.0, 
        "translateY": 0.0, 
        "translateZ": 0.0
    }, 
    "zoma_ac_cn_headik": {
        "headIK": 0.0, 
        "rotateX": -0.0, 
        "rotateY": 0.0, 
        "rotateZ": 0.0, 
        "translateX": 0.0, 
        "translateY": 163.83444641999998, 
        "translateZ": 1.7763169039999713
    }, 
    "zoma_ac_cn_lospine": {
        "counterPelvis": 0.0, 
        "rotateX": 0.0, 
        "rotateY": 0.0, 
        "rotateZ": 0.0, 
        "translateX": 0.0, 
        "translateY": 0.0, 
        "translateZ": 0.0
    }, 
    "zoma_ac_cn_master": {
        "body": 1, 
        "bones": 1, 
        "clothing": 1, 
        "rotateX": 0.0, 
        "rotateY": 0.0, 
        "rotateZ": 0.0, 
        "translateX": 0.0, 
        "translateY": 0.0, 
        "translateZ": 0.0
    }, 
    "zoma_ac_cn_pelvis": {
        "rotateX": 0.0, 
        "rotateY": 0.0, 
        "rotateZ": 0.0, 
        "translateX": 0.0, 
        "translateY": 0.0, 
        "translateZ": 0.0
    }, 
    "zoma_ac_cn_pivot": {
        "rotateX": 0.0, 
        "rotateY": 0.0, 
        "rotateZ": 0.0, 
        "translateX": 0.0, 
        "translateY": 0.0, 
        "translateZ": 0.0
    }, 
    "zoma_ac_cn_upneck_ctrl": {
        "rotateX": 0.0, 
        "rotateY": 0.0, 
        "rotateZ": 0.0, 
        "translateX": 0.0, 
        "translateY": 0.0, 
        "translateZ": 0.0
    }, 
    "zoma_ac_cn_upspine": {
        "rotateX": 0.0, 
        "rotateY": 0.0, 
        "rotateZ": 0.0, 
        "translateX": 0.0, 
        "translateY": 0.0, 
        "translateZ": 0.0
    }, 
    "zoma_ac_lf_elbow": {
        "translateX": -3.552713678800501e-15, 
        "translateY": 0.0, 
        "translateZ": -100.0
    }, 
    "zoma_ac_lf_eye": {
        "rotateX": 0.0, 
        "rotateY": 0.0, 
        "rotateZ": 0.0
    }, 
    "zoma_ac_lf_footik": {
        "ballBreak": 30.0, 
        "ballSide": 0.0, 
        "ballTwist": 0.0, 
        "footRoll": 0.0, 
        "legIK": 1.0, 
        "legTwist": 0.0, 
        "rotateX": 0.0, 
        "rotateY": 0.0, 
        "rotateZ": 0.0, 
        "translateX": 0.0, 
        "translateY": 0.0, 
        "translateZ": 0.0
    }, 
    "zoma_ac_lf_footik_pivot": {
        "rotateX": 0.0, 
        "rotateY": 0.0, 
        "rotateZ": 0.0, 
        "translateX": 0.0, 
        "translateY": 0.0, 
        "translateZ": 0.0
    }, 
    "zoma_ac_lf_handik": {
        "armIK": 0.0, 
        "armTwist": 0.0, 
        "rotateX": 0.0, 
        "rotateY": 0.0, 
        "rotateZ": 0.0, 
        "translateX": 1.4210854715202004e-14, 
        "translateY": 7.105427357601002e-15, 
        "translateZ": 0.0
    }, 
    "zoma_ac_lf_knee": {
        "translateX": 0.0, 
        "translateY": 0.0, 
        "translateZ": 100.0
    }, 
    "zoma_ac_rt_elbow": {
        "translateX": 3.552713678800501e-15, 
        "translateY": 0.0, 
        "translateZ": -100.0
    }, 
    "zoma_ac_rt_eye": {
        "rotateX": 0.0, 
        "rotateY": 0.0, 
        "rotateZ": 0.0
    }, 
    "zoma_ac_rt_footik": {
        "ballBreak": 30.0, 
        "ballSide": 0.0, 
        "ballTwist": 0.0, 
        "footRoll": 0.0, 
        "legIK": 1.0, 
        "legTwist": 0.0, 
        "rotateX": 0.0, 
        "rotateY": 0.0, 
        "rotateZ": 0.0, 
        "translateX": 0.0, 
        "translateY": 0.0, 
        "translateZ": 0.0
    }, 
    "zoma_ac_rt_footik_pivot": {
        "rotateX": 0.0, 
        "rotateY": 0.0, 
        "rotateZ": 0.0, 
        "translateX": 0.0, 
        "translateY": 0.0, 
        "translateZ": 0.0
    }, 
    "zoma_ac_rt_handik": {
        "armIK": 0.0, 
        "armTwist": 0.0, 
        "rotateX": 0.0, 
        "rotateY": 0.0, 
        "rotateZ": 0.0, 
        "translateX": -1.4210854715202004e-14, 
        "translateY": 0.0, 
        "translateZ": 3.552713678800501e-15
    }, 
    "zoma_ac_rt_knee": {
        "translateX": 0.0, 
        "translateY": 0.0, 
        "translateZ": 100.0
    }, 
    "zoma_ct_cn_jaw": {
        "rotateX": 0.0, 
        "rotateY": 0.0, 
        "rotateZ": 0.0, 
        "scaleX": 1.0, 
        "scaleY": 1.0, 
        "scaleZ": 1.0, 
        "translateX": 0.0, 
        "translateY": 0.0, 
        "translateZ": 0.0
    }, 
    "zoma_fk_cn_hat_base": {
        "rotateX": 0.0, 
        "rotateY": 0.0, 
        "rotateZ": 0.0, 
        "translateX": 1.4210854715202004e-14, 
        "translateY": 2.842170943040401e-14, 
        "translateZ": 6.938893903907228e-18
    }, 
    "zoma_fk_cn_head": {
        "rotateX": 0.0, 
        "rotateY": 0.0, 
        "rotateZ": 0.0
    }, 
    "zoma_fk_cn_loneck": {
        "rotateX": 0.0, 
        "rotateY": 0.0, 
        "rotateZ": 0.0
    }, 
    "zoma_fk_cn_upneck": {
        "rotateX": 0.0, 
        "rotateY": 0.0, 
        "rotateZ": 0.0
    }, 
    "zoma_fk_lf_ear": {
        "rotateX": 0.0, 
        "rotateY": 0.0, 
        "rotateZ": 0.0, 
        "scaleX": 1.0, 
        "scaleY": 1.0, 
        "scaleZ": 1.0, 
        "translateX": 2.842170943040401e-14, 
        "translateY": 0.0, 
        "translateZ": 4.440892098500626e-16
    }, 
    "zoma_fk_lf_hand": {
        "rotateX": 0.0, 
        "rotateY": 0.0, 
        "rotateZ": 0.0
    }, 
    "zoma_fk_lf_hip": {
        "rotateX": 0.0, 
        "rotateY": 0.0, 
        "rotateZ": 0.0
    }, 
    "zoma_fk_lf_index_base": {
        "rotateX": 0.0, 
        "rotateY": 0.0, 
        "rotateZ": 0.0, 
        "scaleX": 1.0, 
        "scaleY": 1.0, 
        "scaleZ": 1.0
    }, 
    "zoma_fk_lf_index_hand": {
        "rotateX": 0.0, 
        "rotateY": 0.0, 
        "rotateZ": 0.0, 
        "scaleX": 1.0, 
        "scaleY": 1.0, 
        "scaleZ": 1.0
    }, 
    "zoma_fk_lf_index_mid": {
        "rotateX": 0.0, 
        "rotateY": 0.0, 
        "rotateZ": 0.0, 
        "scaleX": 1.0, 
        "scaleY": 1.0, 
        "scaleZ": 1.0
    }, 
    "zoma_fk_lf_index_tip": {
        "rotateX": 0.0, 
        "rotateY": 0.0, 
        "rotateZ": 0.0, 
        "scaleX": 1.0, 
        "scaleY": 1.0, 
        "scaleZ": 1.0
    }, 
    "zoma_fk_lf_loarm": {
        "rotateX": 0.0, 
        "rotateY": 0.0, 
        "rotateZ": 0.0
    }, 
    "zoma_fk_lf_middle_base": {
        "rotateX": 0.0, 
        "rotateY": 0.0, 
        "rotateZ": 0.0, 
        "scaleX": 1.0, 
        "scaleY": 1.0, 
        "scaleZ": 1.0
    }, 
    "zoma_fk_lf_middle_hand": {
        "rotateX": 0.0, 
        "rotateY": 0.0, 
        "rotateZ": 0.0, 
        "scaleX": 1.0, 
        "scaleY": 1.0, 
        "scaleZ": 1.0
    }, 
    "zoma_fk_lf_middle_mid": {
        "rotateX": 0.0, 
        "rotateY": 0.0, 
        "rotateZ": 0.0, 
        "scaleX": 1.0, 
        "scaleY": 1.0, 
        "scaleZ": 1.0
    }, 
    "zoma_fk_lf_middle_tip": {
        "rotateX": 0.0, 
        "rotateY": 0.0, 
        "rotateZ": 0.0, 
        "scaleX": 1.0, 
        "scaleY": 1.0, 
        "scaleZ": 1.0
    }, 
    "zoma_fk_lf_pinky_base": {
        "rotateX": 0.0, 
        "rotateY": 0.0, 
        "rotateZ": 0.0, 
        "scaleX": 1.0, 
        "scaleY": 1.0, 
        "scaleZ": 1.0
    }, 
    "zoma_fk_lf_pinky_hand": {
        "rotateX": 0.0, 
        "rotateY": 0.0, 
        "rotateZ": 0.0, 
        "scaleX": 1.0, 
        "scaleY": 1.0, 
        "scaleZ": 1.0
    }, 
    "zoma_fk_lf_pinky_mid": {
        "rotateX": 0.0, 
        "rotateY": 0.0, 
        "rotateZ": 0.0, 
        "scaleX": 1.0, 
        "scaleY": 1.0, 
        "scaleZ": 1.0
    }, 
    "zoma_fk_lf_pinky_tip": {
        "rotateX": 0.0, 
        "rotateY": 0.0, 
        "rotateZ": 0.0, 
        "scaleX": 1.0, 
        "scaleY": 1.0, 
        "scaleZ": 1.0
    }, 
    "zoma_fk_lf_ring_base": {
        "rotateX": 0.0, 
        "rotateY": 0.0, 
        "rotateZ": 0.0, 
        "scaleX": 1.0, 
        "scaleY": 1.0, 
        "scaleZ": 1.0
    }, 
    "zoma_fk_lf_ring_hand": {
        "rotateX": 0.0, 
        "rotateY": 0.0, 
        "rotateZ": 0.0, 
        "scaleX": 1.0, 
        "scaleY": 1.0, 
        "scaleZ": 1.0
    }, 
    "zoma_fk_lf_ring_mid": {
        "rotateX": 0.0, 
        "rotateY": 0.0, 
        "rotateZ": 0.0, 
        "scaleX": 1.0, 
        "scaleY": 1.0, 
        "scaleZ": 1.0
    }, 
    "zoma_fk_lf_ring_tip": {
        "rotateX": 0.0, 
        "rotateY": 0.0, 
        "rotateZ": 0.0, 
        "scaleX": 1.0, 
        "scaleY": 1.0, 
        "scaleZ": 1.0
    }, 
    "zoma_fk_lf_shoulder": {
        "rotateX": 0.0, 
        "rotateY": 0.0, 
        "rotateZ": 0.0
    }, 
    "zoma_fk_lf_thumb_base": {
        "rotateX": 0.0, 
        "rotateY": 0.0, 
        "rotateZ": 0.0, 
        "scaleX": 1.0, 
        "scaleY": 1.0, 
        "scaleZ": 1.0
    }, 
    "zoma_fk_lf_thumb_mid": {
        "rotateX": 0.0, 
        "rotateY": 0.0, 
        "rotateZ": 0.0, 
        "scaleX": 1.0, 
        "scaleY": 1.0, 
        "scaleZ": 1.0
    }, 
    "zoma_fk_lf_thumb_tip": {
        "rotateX": 0.0, 
        "rotateY": 0.0, 
        "rotateZ": 0.0, 
        "scaleX": 1.0, 
        "scaleY": 1.0, 
        "scaleZ": 1.0
    }, 
    "zoma_fk_lf_uparm": {
        "rotateX": 0.0, 
        "rotateY": 0.0, 
        "rotateZ": -45.04441190781535
    }, 
    "zoma_fk_rt_ear": {
        "rotateX": 0.0, 
        "rotateY": 0.0, 
        "rotateZ": 0.0, 
        "scaleX": 1.0, 
        "scaleY": 1.0, 
        "scaleZ": 1.0, 
        "translateX": 0.0, 
        "translateY": -3.552713678800501e-15, 
        "translateZ": 0.0
    }, 
    "zoma_fk_rt_hand": {
        "rotateX": 0.0, 
        "rotateY": 0.0, 
        "rotateZ": 0.0
    }, 
    "zoma_fk_rt_hip": {
        "rotateX": 0.0, 
        "rotateY": 0.0, 
        "rotateZ": 0.0
    }, 
    "zoma_fk_rt_index_base": {
        "rotateX": 0.0, 
        "rotateY": 0.0, 
        "rotateZ": 0.0, 
        "scaleX": 1.0, 
        "scaleY": 1.0, 
        "scaleZ": 1.0
    }, 
    "zoma_fk_rt_index_hand": {
        "rotateX": 0.0, 
        "rotateY": 0.0, 
        "rotateZ": 0.0, 
        "scaleX": 1.0, 
        "scaleY": 1.0, 
        "scaleZ": 1.0
    }, 
    "zoma_fk_rt_index_mid": {
        "rotateX": 0.0, 
        "rotateY": 0.0, 
        "rotateZ": 0.0, 
        "scaleX": 1.0, 
        "scaleY": 1.0, 
        "scaleZ": 1.0
    }, 
    "zoma_fk_rt_index_tip": {
        "rotateX": 0.0, 
        "rotateY": 0.0, 
        "rotateZ": 0.0, 
        "scaleX": 1.0, 
        "scaleY": 1.0, 
        "scaleZ": 1.0
    }, 
    "zoma_fk_rt_loarm": {
        "rotateX": 0.0, 
        "rotateY": 0.0, 
        "rotateZ": 0.0
    }, 
    "zoma_fk_rt_middle_base": {
        "rotateX": 0.0, 
        "rotateY": 0.0, 
        "rotateZ": 0.0, 
        "scaleX": 1.0, 
        "scaleY": 1.0, 
        "scaleZ": 1.0
    }, 
    "zoma_fk_rt_middle_hand": {
        "rotateX": 0.0, 
        "rotateY": 0.0, 
        "rotateZ": 0.0, 
        "scaleX": 1.0, 
        "scaleY": 1.0, 
        "scaleZ": 1.0
    }, 
    "zoma_fk_rt_middle_mid": {
        "rotateX": 0.0, 
        "rotateY": 0.0, 
        "rotateZ": 0.0, 
        "scaleX": 1.0, 
        "scaleY": 1.0, 
        "scaleZ": 1.0
    }, 
    "zoma_fk_rt_middle_tip": {
        "rotateX": 0.0, 
        "rotateY": 0.0, 
        "rotateZ": 0.0, 
        "scaleX": 1.0, 
        "scaleY": 1.0, 
        "scaleZ": 1.0
    }, 
    "zoma_fk_rt_pinky_base": {
        "rotateX": 0.0, 
        "rotateY": 0.0, 
        "rotateZ": 0.0, 
        "scaleX": 1.0, 
        "scaleY": 1.0, 
        "scaleZ": 1.0
    }, 
    "zoma_fk_rt_pinky_hand": {
        "rotateX": 0.0, 
        "rotateY": 0.0, 
        "rotateZ": 0.0, 
        "scaleX": 1.0, 
        "scaleY": 1.0, 
        "scaleZ": 1.0
    }, 
    "zoma_fk_rt_pinky_mid": {
        "rotateX": 0.0, 
        "rotateY": 0.0, 
        "rotateZ": 0.0, 
        "scaleX": 1.0, 
        "scaleY": 1.0, 
        "scaleZ": 1.0
    }, 
    "zoma_fk_rt_pinky_tip": {
        "rotateX": 0.0, 
        "rotateY": 0.0, 
        "rotateZ": 0.0, 
        "scaleX": 1.0, 
        "scaleY": 1.0, 
        "scaleZ": 1.0
    }, 
    "zoma_fk_rt_ring_base": {
        "rotateX": 0.0, 
        "rotateY": 0.0, 
        "rotateZ": 0.0, 
        "scaleX": 1.0, 
        "scaleY": 1.0, 
        "scaleZ": 1.0
    }, 
    "zoma_fk_rt_ring_hand": {
        "rotateX": 0.0, 
        "rotateY": 0.0, 
        "rotateZ": 0.0, 
        "scaleX": 1.0, 
        "scaleY": 1.0, 
        "scaleZ": 1.0
    }, 
    "zoma_fk_rt_ring_mid": {
        "rotateX": 0.0, 
        "rotateY": 0.0, 
        "rotateZ": 0.0, 
        "scaleX": 1.0, 
        "scaleY": 1.0, 
        "scaleZ": 1.0
    }, 
    "zoma_fk_rt_ring_tip": {
        "rotateX": 0.0, 
        "rotateY": 0.0, 
        "rotateZ": 0.0, 
        "scaleX": 1.0, 
        "scaleY": 1.0, 
        "scaleZ": 1.0
    }, 
    "zoma_fk_rt_shoulder": {
        "rotateX": 0.0, 
        "rotateY": 0.0, 
        "rotateZ": 0.0
    }, 
    "zoma_fk_rt_thumb_base": {
        "rotateX": 0.0, 
        "rotateY": 0.0, 
        "rotateZ": 0.0, 
        "scaleX": 1.0, 
        "scaleY": 1.0, 
        "scaleZ": 1.0
    }, 
    "zoma_fk_rt_thumb_mid": {
        "rotateX": 0.0, 
        "rotateY": 0.0, 
        "rotateZ": 0.0, 
        "scaleX": 1.0, 
        "scaleY": 1.0, 
        "scaleZ": 1.0
    }, 
    "zoma_fk_rt_thumb_tip": {
        "rotateX": 0.0, 
        "rotateY": 0.0, 
        "rotateZ": 0.0, 
        "scaleX": 1.0, 
        "scaleY": 1.0, 
        "scaleZ": 1.0
    }, 
    "zoma_fk_rt_uparm": {
        "rotateX": 0.0, 
        "rotateY": 0.0, 
        "rotateZ": -49.85473627352577
    }, 
    "zoma_ik_lf_ankle": {
        "rotateX": 1.8288189418415224e-14, 
        "rotateY": -7.928091625425415e-15, 
        "rotateZ": -2.5121412366871994e-14
    }, 
    "zoma_ik_rt_ankle": {
        "rotateX": -3.1805546814635187e-15, 
        "rotateY": -7.3061124435597e-15, 
        "rotateZ": 3.7275159368731514e-16
    }
}