{
    "zoma_ac_cn_body": {
        "rotateX": -1.7984992636423236, 
        "rotateY": 14.045878901885303, 
        "rotateZ": 0.0, 
        "translateX": 2.79865627392736, 
        "translateY": -13.917321772629364, 
        "translateZ": 1.8988607892677791
    }, 
    "zoma_ac_cn_chest": {
        "rotateX": 0.23433443696056025, 
        "rotateY": -36.25142748034281, 
        "rotateZ": -4.720956760796468, 
        "spineIK": 1.0, 
        "translateX": 0.0, 
        "translateY": 0.0, 
        "translateZ": 0.0
    }, 
    "zoma_ac_cn_cog": {
        "rotateX": 0.0, 
        "rotateY": 0.0, 
        "rotateZ": 0.0, 
        "translateX": 0.0, 
        "translateY": 0.0, 
        "translateZ": 0.0
    }, 
    "zoma_ac_cn_eye_target": {
        "converge": 0.0, 
        "lookThroughDistance": 151.0, 
        "translateX": 0.0, 
        "translateY": 0.0, 
        "translateZ": 0.0
    }, 
    "zoma_ac_cn_headik": {
        "headIK": 0.0, 
        "rotateX": -0.0, 
        "rotateY": 0.0, 
        "rotateZ": 0.0, 
        "translateX": 0.0, 
        "translateY": 163.83444641999998, 
        "translateZ": 1.7763169039999713
    }, 
    "zoma_ac_cn_lospine": {
        "counterPelvis": 0.0, 
        "rotateX": 0.0, 
        "rotateY": 0.0, 
        "rotateZ": 0.0, 
        "translateX": 0.0, 
        "translateY": 0.0, 
        "translateZ": 0.0
    }, 
    "zoma_ac_cn_master": {
        "body": 1, 
        "bones": 1, 
        "clothing": 1, 
        "rotateX": 0.0, 
        "rotateY": 0.0, 
        "rotateZ": 0.0, 
        "translateX": 0.0, 
        "translateY": 0.0, 
        "translateZ": 0.0
    }, 
    "zoma_ac_cn_pelvis": {
        "rotateX": 0.0, 
        "rotateY": 0.0, 
        "rotateZ": 2.1990682044177228, 
        "translateX": 0.0, 
        "translateY": 0.0, 
        "translateZ": 0.0
    }, 
    "zoma_ac_cn_pivot": {
        "rotateX": 0.0, 
        "rotateY": 0.0, 
        "rotateZ": 0.0, 
        "translateX": 0.0, 
        "translateY": 0.0, 
        "translateZ": 0.0
    }, 
    "zoma_ac_cn_upneck_ctrl": {
        "rotateX": 0.0, 
        "rotateY": 0.0, 
        "rotateZ": 0.0, 
        "translateX": 0.0, 
        "translateY": 0.0, 
        "translateZ": 0.0
    }, 
    "zoma_ac_cn_upspine": {
        "rotateX": 0.0, 
        "rotateY": 0.0, 
        "rotateZ": 0.0, 
        "translateX": 0.0, 
        "translateY": 0.0, 
        "translateZ": 0.0
    }, 
    "zoma_ac_lf_elbow": {
        "translateX": -3.552713678800501e-15, 
        "translateY": 0.0, 
        "translateZ": -100.0
    }, 
    "zoma_ac_lf_eye": {
        "rotateX": 0.0, 
        "rotateY": 0.0, 
        "rotateZ": 0.0
    }, 
    "zoma_ac_lf_footik": {
        "ballBreak": 30.0, 
        "ballSide": 0.0, 
        "ballTwist": 0.0, 
        "footRoll": 26.599998474121094, 
        "legIK": 1.0, 
        "legTwist": 0.0, 
        "rotateX": 0.0, 
        "rotateY": 10.389937723461905, 
        "rotateZ": 0.0, 
        "translateX": 1.834084153505536, 
        "translateY": 0.0, 
        "translateZ": -49.00289002832103
    }, 
    "zoma_ac_lf_footik_pivot": {
        "rotateX": 0.0, 
        "rotateY": 0.0, 
        "rotateZ": 0.0, 
        "translateX": 0.0, 
        "translateY": 0.0, 
        "translateZ": 0.0
    }, 
    "zoma_ac_lf_handik": {
        "armIK": 0.0, 
        "armTwist": 0.0, 
        "rotateX": 0.0, 
        "rotateY": 0.0, 
        "rotateZ": 0.0, 
        "translateX": 1.4210854715202004e-14, 
        "translateY": 7.105427357601002e-15, 
        "translateZ": 0.0
    }, 
    "zoma_ac_lf_knee": {
        "translateX": 0.0, 
        "translateY": 0.0, 
        "translateZ": 100.0
    }, 
    "zoma_ac_rt_elbow": {
        "translateX": 3.552713678800501e-15, 
        "translateY": 0.0, 
        "translateZ": -100.0
    }, 
    "zoma_ac_rt_eye": {
        "rotateX": 0.0, 
        "rotateY": 0.0, 
        "rotateZ": 0.0
    }, 
    "zoma_ac_rt_footik": {
        "ballBreak": 30.0, 
        "ballSide": 0.0, 
        "ballTwist": 0.0, 
        "footRoll": -24.299999237060547, 
        "legIK": 1.0, 
        "legTwist": 0.0, 
        "rotateX": 0.0, 
        "rotateY": 0.0, 
        "rotateZ": 0.0, 
        "translateX": -3.0803210376388606, 
        "translateY": 7.114159007959807e-15, 
        "translateZ": -58.091516777841306
    }, 
    "zoma_ac_rt_footik_pivot": {
        "rotateX": 0.0, 
        "rotateY": 0.0, 
        "rotateZ": 0.0, 
        "translateX": 0.0, 
        "translateY": 0.0, 
        "translateZ": 0.0
    }, 
    "zoma_ac_rt_handik": {
        "armIK": 0.0, 
        "armTwist": 0.0, 
        "rotateX": 0.0, 
        "rotateY": 0.0, 
        "rotateZ": 0.0, 
        "translateX": -1.4210854715202004e-14, 
        "translateY": 0.0, 
        "translateZ": 3.552713678800501e-15
    }, 
    "zoma_ac_rt_knee": {
        "translateX": 0.0, 
        "translateY": 0.0, 
        "translateZ": 100.0
    }, 
    "zoma_ct_cn_jaw": {
        "rotateX": 1.2726012092197612, 
        "rotateY": 0.0, 
        "rotateZ": 0.0, 
        "scaleX": 1.0, 
        "scaleY": 1.0, 
        "scaleZ": 1.0, 
        "translateX": 0.0, 
        "translateY": 0.0, 
        "translateZ": 0.0
    }, 
    "zoma_fk_cn_hat_base": {
        "rotateX": 0.0, 
        "rotateY": 0.0, 
        "rotateZ": 0.0, 
        "translateX": 1.4210854715202004e-14, 
        "translateY": 2.842170943040401e-14, 
        "translateZ": 6.938893903907228e-18
    }, 
    "zoma_fk_cn_head": {
        "rotateX": 28.317652410115603, 
        "rotateY": -6.007870689663641, 
        "rotateZ": 6.299302929625287
    }, 
    "zoma_fk_cn_loneck": {
        "rotateX": -18.17940223533102, 
        "rotateY": 16.031951669191685, 
        "rotateZ": 4.554394101742454
    }, 
    "zoma_fk_cn_upneck": {
        "rotateX": -11.499575980892532, 
        "rotateY": 17.309569122277782, 
        "rotateZ": -4.785832263365212
    }, 
    "zoma_fk_lf_ear": {
        "rotateX": 0.0, 
        "rotateY": 0.0, 
        "rotateZ": 0.0, 
        "scaleX": 1.0, 
        "scaleY": 1.0, 
        "scaleZ": 1.0, 
        "translateX": 2.842170943040401e-14, 
        "translateY": 0.0, 
        "translateZ": 4.440892098500626e-16
    }, 
    "zoma_fk_lf_hand": {
        "rotateX": 0.0, 
        "rotateY": 0.0, 
        "rotateZ": 0.0
    }, 
    "zoma_fk_lf_hip": {
        "rotateX": 0.0, 
        "rotateY": 0.0, 
        "rotateZ": 0.0
    }, 
    "zoma_fk_lf_index_base": {
        "rotateX": 0.0, 
        "rotateY": 0.0, 
        "rotateZ": 0.0, 
        "scaleX": 1.0, 
        "scaleY": 1.0, 
        "scaleZ": 1.0
    }, 
    "zoma_fk_lf_index_hand": {
        "rotateX": 0.0, 
        "rotateY": 0.0, 
        "rotateZ": 0.0, 
        "scaleX": 1.0, 
        "scaleY": 1.0, 
        "scaleZ": 1.0
    }, 
    "zoma_fk_lf_index_mid": {
        "rotateX": 0.0, 
        "rotateY": 0.0, 
        "rotateZ": 0.0, 
        "scaleX": 1.0, 
        "scaleY": 1.0, 
        "scaleZ": 1.0
    }, 
    "zoma_fk_lf_index_tip": {
        "rotateX": 0.0, 
        "rotateY": 0.0, 
        "rotateZ": 0.0, 
        "scaleX": 1.0, 
        "scaleY": 1.0, 
        "scaleZ": 1.0
    }, 
    "zoma_fk_lf_loarm": {
        "rotateX": 40.740602476065355, 
        "rotateY": 0.0, 
        "rotateZ": 0.0
    }, 
    "zoma_fk_lf_middle_base": {
        "rotateX": 0.0, 
        "rotateY": 0.0, 
        "rotateZ": 0.0, 
        "scaleX": 1.0, 
        "scaleY": 1.0, 
        "scaleZ": 1.0
    }, 
    "zoma_fk_lf_middle_hand": {
        "rotateX": 0.0, 
        "rotateY": 0.0, 
        "rotateZ": 0.0, 
        "scaleX": 1.0, 
        "scaleY": 1.0, 
        "scaleZ": 1.0
    }, 
    "zoma_fk_lf_middle_mid": {
        "rotateX": 0.0, 
        "rotateY": 0.0, 
        "rotateZ": 0.0, 
        "scaleX": 1.0, 
        "scaleY": 1.0, 
        "scaleZ": 1.0
    }, 
    "zoma_fk_lf_middle_tip": {
        "rotateX": 0.0, 
        "rotateY": 0.0, 
        "rotateZ": 0.0, 
        "scaleX": 1.0, 
        "scaleY": 1.0, 
        "scaleZ": 1.0
    }, 
    "zoma_fk_lf_pinky_base": {
        "rotateX": 0.0, 
        "rotateY": 0.0, 
        "rotateZ": 0.0, 
        "scaleX": 1.0, 
        "scaleY": 1.0, 
        "scaleZ": 1.0
    }, 
    "zoma_fk_lf_pinky_hand": {
        "rotateX": 0.0, 
        "rotateY": 0.0, 
        "rotateZ": 0.0, 
        "scaleX": 1.0, 
        "scaleY": 1.0, 
        "scaleZ": 1.0
    }, 
    "zoma_fk_lf_pinky_mid": {
        "rotateX": 0.0, 
        "rotateY": 0.0, 
        "rotateZ": 0.0, 
        "scaleX": 1.0, 
        "scaleY": 1.0, 
        "scaleZ": 1.0
    }, 
    "zoma_fk_lf_pinky_tip": {
        "rotateX": 0.0, 
        "rotateY": 0.0, 
        "rotateZ": 0.0, 
        "scaleX": 1.0, 
        "scaleY": 1.0, 
        "scaleZ": 1.0
    }, 
    "zoma_fk_lf_ring_base": {
        "rotateX": 0.0, 
        "rotateY": 0.0, 
        "rotateZ": 0.0, 
        "scaleX": 1.0, 
        "scaleY": 1.0, 
        "scaleZ": 1.0
    }, 
    "zoma_fk_lf_ring_hand": {
        "rotateX": 0.0, 
        "rotateY": 0.0, 
        "rotateZ": 0.0, 
        "scaleX": 1.0, 
        "scaleY": 1.0, 
        "scaleZ": 1.0
    }, 
    "zoma_fk_lf_ring_mid": {
        "rotateX": 0.0, 
        "rotateY": 0.0, 
        "rotateZ": 0.0, 
        "scaleX": 1.0, 
        "scaleY": 1.0, 
        "scaleZ": 1.0
    }, 
    "zoma_fk_lf_ring_tip": {
        "rotateX": 0.0, 
        "rotateY": 0.0, 
        "rotateZ": 0.0, 
        "scaleX": 1.0, 
        "scaleY": 1.0, 
        "scaleZ": 1.0
    }, 
    "zoma_fk_lf_shoulder": {
        "rotateX": -20.50643832237353, 
        "rotateY": -0.5571635492958277, 
        "rotateZ": -10.315641283352893
    }, 
    "zoma_fk_lf_thumb_base": {
        "rotateX": 0.0, 
        "rotateY": 0.0, 
        "rotateZ": 0.0, 
        "scaleX": 1.0, 
        "scaleY": 1.0, 
        "scaleZ": 1.0
    }, 
    "zoma_fk_lf_thumb_mid": {
        "rotateX": 0.0, 
        "rotateY": 0.0, 
        "rotateZ": 0.0, 
        "scaleX": 1.0, 
        "scaleY": 1.0, 
        "scaleZ": 1.0
    }, 
    "zoma_fk_lf_thumb_tip": {
        "rotateX": 0.0, 
        "rotateY": 0.0, 
        "rotateZ": 0.0, 
        "scaleX": 1.0, 
        "scaleY": 1.0, 
        "scaleZ": 1.0
    }, 
    "zoma_fk_lf_uparm": {
        "rotateX": 12.449483219012308, 
        "rotateY": -8.889079603847339, 
        "rotateZ": 3.616037786226438
    }, 
    "zoma_fk_rt_ear": {
        "rotateX": 0.0, 
        "rotateY": 0.0, 
        "rotateZ": 0.0, 
        "scaleX": 1.0, 
        "scaleY": 1.0, 
        "scaleZ": 1.0, 
        "translateX": 0.0, 
        "translateY": -3.552713678800501e-15, 
        "translateZ": 0.0
    }, 
    "zoma_fk_rt_hand": {
        "rotateX": 0.0, 
        "rotateY": 0.0, 
        "rotateZ": 0.0
    }, 
    "zoma_fk_rt_hip": {
        "rotateX": 0.0, 
        "rotateY": 0.0, 
        "rotateZ": 0.0
    }, 
    "zoma_fk_rt_index_base": {
        "rotateX": 0.0, 
        "rotateY": 0.0, 
        "rotateZ": 0.0, 
        "scaleX": 1.0, 
        "scaleY": 1.0, 
        "scaleZ": 1.0
    }, 
    "zoma_fk_rt_index_hand": {
        "rotateX": 0.0, 
        "rotateY": 0.0, 
        "rotateZ": 0.0, 
        "scaleX": 1.0, 
        "scaleY": 1.0, 
        "scaleZ": 1.0
    }, 
    "zoma_fk_rt_index_mid": {
        "rotateX": 0.0, 
        "rotateY": 0.0, 
        "rotateZ": 0.0, 
        "scaleX": 1.0, 
        "scaleY": 1.0, 
        "scaleZ": 1.0
    }, 
    "zoma_fk_rt_index_tip": {
        "rotateX": 0.0, 
        "rotateY": 0.0, 
        "rotateZ": 0.0, 
        "scaleX": 1.0, 
        "scaleY": 1.0, 
        "scaleZ": 1.0
    }, 
    "zoma_fk_rt_loarm": {
        "rotateX": 14.490882661825454, 
        "rotateY": 2.359811879855115, 
        "rotateZ": -0.6077255861430801
    }, 
    "zoma_fk_rt_middle_base": {
        "rotateX": 0.0, 
        "rotateY": 0.0, 
        "rotateZ": 0.0, 
        "scaleX": 1.0, 
        "scaleY": 1.0, 
        "scaleZ": 1.0
    }, 
    "zoma_fk_rt_middle_hand": {
        "rotateX": 0.0, 
        "rotateY": 0.0, 
        "rotateZ": 0.0, 
        "scaleX": 1.0, 
        "scaleY": 1.0, 
        "scaleZ": 1.0
    }, 
    "zoma_fk_rt_middle_mid": {
        "rotateX": 0.0, 
        "rotateY": 0.0, 
        "rotateZ": 0.0, 
        "scaleX": 1.0, 
        "scaleY": 1.0, 
        "scaleZ": 1.0
    }, 
    "zoma_fk_rt_middle_tip": {
        "rotateX": 0.0, 
        "rotateY": 0.0, 
        "rotateZ": 0.0, 
        "scaleX": 1.0, 
        "scaleY": 1.0, 
        "scaleZ": 1.0
    }, 
    "zoma_fk_rt_pinky_base": {
        "rotateX": 0.0, 
        "rotateY": 0.0, 
        "rotateZ": 0.0, 
        "scaleX": 1.0, 
        "scaleY": 1.0, 
        "scaleZ": 1.0
    }, 
    "zoma_fk_rt_pinky_hand": {
        "rotateX": 0.0, 
        "rotateY": 0.0, 
        "rotateZ": 0.0, 
        "scaleX": 1.0, 
        "scaleY": 1.0, 
        "scaleZ": 1.0
    }, 
    "zoma_fk_rt_pinky_mid": {
        "rotateX": 0.0, 
        "rotateY": 0.0, 
        "rotateZ": 0.0, 
        "scaleX": 1.0, 
        "scaleY": 1.0, 
        "scaleZ": 1.0
    }, 
    "zoma_fk_rt_pinky_tip": {
        "rotateX": 0.0, 
        "rotateY": 0.0, 
        "rotateZ": 0.0, 
        "scaleX": 1.0, 
        "scaleY": 1.0, 
        "scaleZ": 1.0
    }, 
    "zoma_fk_rt_ring_base": {
        "rotateX": 0.0, 
        "rotateY": 0.0, 
        "rotateZ": 0.0, 
        "scaleX": 1.0, 
        "scaleY": 1.0, 
        "scaleZ": 1.0
    }, 
    "zoma_fk_rt_ring_hand": {
        "rotateX": 0.0, 
        "rotateY": 0.0, 
        "rotateZ": 0.0, 
        "scaleX": 1.0, 
        "scaleY": 1.0, 
        "scaleZ": 1.0
    }, 
    "zoma_fk_rt_ring_mid": {
        "rotateX": 0.0, 
        "rotateY": 0.0, 
        "rotateZ": 0.0, 
        "scaleX": 1.0, 
        "scaleY": 1.0, 
        "scaleZ": 1.0
    }, 
    "zoma_fk_rt_ring_tip": {
        "rotateX": 0.0, 
        "rotateY": 0.0, 
        "rotateZ": 0.0, 
        "scaleX": 1.0, 
        "scaleY": 1.0, 
        "scaleZ": 1.0
    }, 
    "zoma_fk_rt_shoulder": {
        "rotateX": 2.8140558319151014, 
        "rotateY": -19.401998364562054, 
        "rotateZ": -1.956655155838073
    }, 
    "zoma_fk_rt_thumb_base": {
        "rotateX": 0.0, 
        "rotateY": 0.0, 
        "rotateZ": 0.0, 
        "scaleX": 1.0, 
        "scaleY": 1.0, 
        "scaleZ": 1.0
    }, 
    "zoma_fk_rt_thumb_mid": {
        "rotateX": 0.0, 
        "rotateY": 0.0, 
        "rotateZ": 0.0, 
        "scaleX": 1.0, 
        "scaleY": 1.0, 
        "scaleZ": 1.0
    }, 
    "zoma_fk_rt_thumb_tip": {
        "rotateX": 0.0, 
        "rotateY": 0.0, 
        "rotateZ": 0.0, 
        "scaleX": 1.0, 
        "scaleY": 1.0, 
        "scaleZ": 1.0
    }, 
    "zoma_fk_rt_uparm": {
        "rotateX": -16.59407348915187, 
        "rotateY": -0.6961855123263584, 
        "rotateZ": 7.099724308760855
    }, 
    "zoma_ik_lf_ankle": {
        "rotateX": 1.8288189418415224e-14, 
        "rotateY": -7.928091625425415e-15, 
        "rotateZ": -2.5121412366871994e-14
    }, 
    "zoma_ik_rt_ankle": {
        "rotateX": -3.1805546814635187e-15, 
        "rotateY": -7.3061124435597e-15, 
        "rotateZ": 3.7275159368731514e-16
    }
}