{
    "zoma_ac_cn_body": {
        "rotateX": -1.7984992636423236, 
        "rotateY": 14.045878901885303, 
        "rotateZ": 0.0, 
        "translateX": 0.0, 
        "translateY": 8.078617670685077, 
        "translateZ": 0.0
    }, 
    "zoma_ac_cn_chest": {
        "rotateX": 15.87754174610848, 
        "rotateY": -4.833461189881364, 
        "rotateZ": -17.17565947941831, 
        "spineIK": 1.0, 
        "translateX": -0.8200622540019765, 
        "translateY": -0.10287570434934164, 
        "translateZ": 3.276291370491326
    }, 
    "zoma_ac_cn_cog": {
        "rotateX": 0.0, 
        "rotateY": 0.0, 
        "rotateZ": 0.0, 
        "translateX": 0.0, 
        "translateY": 0.0, 
        "translateZ": 0.0
    }, 
    "zoma_ac_cn_eye_target": {
        "converge": 0.0, 
        "lookThroughDistance": 151.0, 
        "translateX": 0.0, 
        "translateY": 0.0, 
        "translateZ": 0.0
    }, 
    "zoma_ac_cn_headik": {
        "headIK": 0.0, 
        "rotateX": -0.0, 
        "rotateY": 0.0, 
        "rotateZ": 0.0, 
        "translateX": 0.0, 
        "translateY": 0.0, 
        "translateZ": 0.0
    }, 
    "zoma_ac_cn_lospine": {
        "counterPelvis": 0.0, 
        "rotateX": 0.0, 
        "rotateY": 0.0, 
        "rotateZ": 0.0, 
        "translateX": 0.0, 
        "translateY": 0.0, 
        "translateZ": 0.0
    }, 
    "zoma_ac_cn_master": {
        "body": 1, 
        "bones": 1, 
        "clothing": 1, 
        "rotateX": 0.0, 
        "rotateY": 0.0, 
        "rotateZ": 0.0, 
        "translateX": 0.0, 
        "translateY": 0.0, 
        "translateZ": 0.0
    }, 
    "zoma_ac_cn_pelvis": {
        "rotateX": 0.0, 
        "rotateY": 0.0, 
        "rotateZ": 4.284283984765667, 
        "translateX": 0.0, 
        "translateY": 0.0, 
        "translateZ": 0.0
    }, 
    "zoma_ac_cn_pivot": {
        "rotateX": 0.0, 
        "rotateY": 0.0, 
        "rotateZ": 0.0, 
        "translateX": 0.0, 
        "translateY": 0.0, 
        "translateZ": 0.0
    }, 
    "zoma_ac_cn_upneck_ctrl": {
        "rotateX": 0.0, 
        "rotateY": 0.0, 
        "rotateZ": 0.0, 
        "translateX": 0.0, 
        "translateY": 0.0, 
        "translateZ": 0.0
    }, 
    "zoma_ac_cn_upspine": {
        "rotateX": 0.0, 
        "rotateY": 0.0, 
        "rotateZ": 0.0, 
        "translateX": 0.0, 
        "translateY": 0.0, 
        "translateZ": 0.0
    }, 
    "zoma_ac_lf_elbow": {
        "translateX": 0.0, 
        "translateY": 0.0, 
        "translateZ": 0.0
    }, 
    "zoma_ac_lf_eye": {
        "rotateX": 0.0, 
        "rotateY": 0.0, 
        "rotateZ": 0.0
    }, 
    "zoma_ac_lf_footik": {
        "ballBreak": 0.0, 
        "ballSide": 0.0, 
        "ballTwist": 0.0, 
        "footRoll": 0.0, 
        "legIK": 1.0, 
        "legTwist": 0.0, 
        "rotateX": 51.30035858541711, 
        "rotateY": 10.389937723461921, 
        "rotateZ": 0.0, 
        "translateX": 5.2985515265854035, 
        "translateY": 54.3957075930869, 
        "translateZ": -11.936424885647773
    }, 
    "zoma_ac_lf_footik_pivot": {
        "rotateX": 0.0, 
        "rotateY": 0.0, 
        "rotateZ": 0.0, 
        "translateX": 0.0, 
        "translateY": 0.0, 
        "translateZ": 0.0
    }, 
    "zoma_ac_lf_handik": {
        "armIK": 0.0, 
        "armTwist": 0.0, 
        "rotateX": 0.0, 
        "rotateY": 0.0, 
        "rotateZ": 0.0, 
        "translateX": 0.0, 
        "translateY": 0.0, 
        "translateZ": 0.0
    }, 
    "zoma_ac_lf_knee": {
        "translateX": 17.08337385821175, 
        "translateY": 38.60310106447657, 
        "translateZ": 56.82458503086188
    }, 
    "zoma_ac_rt_elbow": {
        "translateX": 0.0, 
        "translateY": 0.0, 
        "translateZ": 0.0
    }, 
    "zoma_ac_rt_eye": {
        "rotateX": 0.0, 
        "rotateY": 0.0, 
        "rotateZ": 0.0
    }, 
    "zoma_ac_rt_footik": {
        "ballBreak": 30.0, 
        "ballSide": 0.0, 
        "ballTwist": 0.0, 
        "footRoll": 0.0, 
        "legIK": 1.0, 
        "legTwist": 0.0, 
        "rotateX": 45.552302448726174, 
        "rotateY": 0.0, 
        "rotateZ": 0.0, 
        "translateX": 0.0, 
        "translateY": -21.868967004388697, 
        "translateZ": -4.454532883658621e-15
    }, 
    "zoma_ac_rt_footik_pivot": {
        "rotateX": 0.0, 
        "rotateY": 0.0, 
        "rotateZ": 0.0, 
        "translateX": 0.0, 
        "translateY": 0.0, 
        "translateZ": 0.0
    }, 
    "zoma_ac_rt_handik": {
        "armIK": 0.0, 
        "armTwist": 0.0, 
        "rotateX": 0.0, 
        "rotateY": 0.0, 
        "rotateZ": 0.0, 
        "translateX": 0.0, 
        "translateY": 0.0, 
        "translateZ": 0.0
    }, 
    "zoma_ac_rt_knee": {
        "translateX": -15.528712488202, 
        "translateY": 60.82248532567447, 
        "translateZ": 37.99346815637864
    }, 
    "zoma_ct_cn_jaw": {
        "rotateX": 1.2726012092197612, 
        "rotateY": 0.0, 
        "rotateZ": 0.0, 
        "scaleX": 1.0, 
        "scaleY": 1.0, 
        "scaleZ": 1.0, 
        "translateX": 0.0, 
        "translateY": 0.0, 
        "translateZ": 0.0
    }, 
    "zoma_fk_cn_hat_base": {
        "rotateX": 0.0, 
        "rotateY": 0.0, 
        "rotateZ": 0.0, 
        "translateX": 0.0, 
        "translateY": 0.0, 
        "translateZ": 0.0
    }, 
    "zoma_fk_cn_head": {
        "rotateX": 41.627440157555235, 
        "rotateY": -15.782529048982436, 
        "rotateZ": 9.949515742348604
    }, 
    "zoma_fk_cn_loneck": {
        "rotateX": 7.2584630543343325, 
        "rotateY": 12.445755601303045, 
        "rotateZ": 19.152936452982182
    }, 
    "zoma_fk_cn_upneck": {
        "rotateX": -11.499575980892532, 
        "rotateY": 17.309569122277782, 
        "rotateZ": -4.785832263365212
    }, 
    "zoma_fk_lf_ear": {
        "rotateX": 0.0, 
        "rotateY": 0.0, 
        "rotateZ": 0.0, 
        "scaleX": 1.0, 
        "scaleY": 1.0, 
        "scaleZ": 1.0, 
        "translateX": 0.0, 
        "translateY": 0.0, 
        "translateZ": 0.0
    }, 
    "zoma_fk_lf_hand": {
        "rotateX": 0.0, 
        "rotateY": 0.0, 
        "rotateZ": 0.0
    }, 
    "zoma_fk_lf_hip": {
        "rotateX": 0.0, 
        "rotateY": 0.0, 
        "rotateZ": 0.0
    }, 
    "zoma_fk_lf_index_base": {
        "rotateX": 0.0, 
        "rotateY": 0.0, 
        "rotateZ": 0.0, 
        "scaleX": 1.0, 
        "scaleY": 1.0, 
        "scaleZ": 1.0
    }, 
    "zoma_fk_lf_index_hand": {
        "rotateX": 0.0, 
        "rotateY": 0.0, 
        "rotateZ": 0.0, 
        "scaleX": 1.0, 
        "scaleY": 1.0, 
        "scaleZ": 1.0
    }, 
    "zoma_fk_lf_index_mid": {
        "rotateX": 0.0, 
        "rotateY": 0.0, 
        "rotateZ": 0.0, 
        "scaleX": 1.0, 
        "scaleY": 1.0, 
        "scaleZ": 1.0
    }, 
    "zoma_fk_lf_index_tip": {
        "rotateX": 0.0, 
        "rotateY": 0.0, 
        "rotateZ": 0.0, 
        "scaleX": 1.0, 
        "scaleY": 1.0, 
        "scaleZ": 1.0
    }, 
    "zoma_fk_lf_loarm": {
        "rotateX": 40.740602476065355, 
        "rotateY": 0.0, 
        "rotateZ": 0.0
    }, 
    "zoma_fk_lf_middle_base": {
        "rotateX": 0.0, 
        "rotateY": 0.0, 
        "rotateZ": 0.0, 
        "scaleX": 1.0, 
        "scaleY": 1.0, 
        "scaleZ": 1.0
    }, 
    "zoma_fk_lf_middle_hand": {
        "rotateX": 0.0, 
        "rotateY": 0.0, 
        "rotateZ": 0.0, 
        "scaleX": 1.0, 
        "scaleY": 1.0, 
        "scaleZ": 1.0
    }, 
    "zoma_fk_lf_middle_mid": {
        "rotateX": 0.0, 
        "rotateY": 0.0, 
        "rotateZ": 0.0, 
        "scaleX": 1.0, 
        "scaleY": 1.0, 
        "scaleZ": 1.0
    }, 
    "zoma_fk_lf_middle_tip": {
        "rotateX": 0.0, 
        "rotateY": 0.0, 
        "rotateZ": 0.0, 
        "scaleX": 1.0, 
        "scaleY": 1.0, 
        "scaleZ": 1.0
    }, 
    "zoma_fk_lf_pinky_base": {
        "rotateX": 0.0, 
        "rotateY": 0.0, 
        "rotateZ": 0.0, 
        "scaleX": 1.0, 
        "scaleY": 1.0, 
        "scaleZ": 1.0
    }, 
    "zoma_fk_lf_pinky_hand": {
        "rotateX": 0.0, 
        "rotateY": 0.0, 
        "rotateZ": 0.0, 
        "scaleX": 1.0, 
        "scaleY": 1.0, 
        "scaleZ": 1.0
    }, 
    "zoma_fk_lf_pinky_mid": {
        "rotateX": 0.0, 
        "rotateY": 0.0, 
        "rotateZ": 0.0, 
        "scaleX": 1.0, 
        "scaleY": 1.0, 
        "scaleZ": 1.0
    }, 
    "zoma_fk_lf_pinky_tip": {
        "rotateX": 0.0, 
        "rotateY": 0.0, 
        "rotateZ": 0.0, 
        "scaleX": 1.0, 
        "scaleY": 1.0, 
        "scaleZ": 1.0
    }, 
    "zoma_fk_lf_ring_base": {
        "rotateX": 0.0, 
        "rotateY": 0.0, 
        "rotateZ": 0.0, 
        "scaleX": 1.0, 
        "scaleY": 1.0, 
        "scaleZ": 1.0
    }, 
    "zoma_fk_lf_ring_hand": {
        "rotateX": 0.0, 
        "rotateY": 0.0, 
        "rotateZ": 0.0, 
        "scaleX": 1.0, 
        "scaleY": 1.0, 
        "scaleZ": 1.0
    }, 
    "zoma_fk_lf_ring_mid": {
        "rotateX": 0.0, 
        "rotateY": 0.0, 
        "rotateZ": 0.0, 
        "scaleX": 1.0, 
        "scaleY": 1.0, 
        "scaleZ": 1.0
    }, 
    "zoma_fk_lf_ring_tip": {
        "rotateX": 0.0, 
        "rotateY": 0.0, 
        "rotateZ": 0.0, 
        "scaleX": 1.0, 
        "scaleY": 1.0, 
        "scaleZ": 1.0
    }, 
    "zoma_fk_lf_shoulder": {
        "rotateX": -6.336834834322808, 
        "rotateY": -2.941462943051087, 
        "rotateZ": -27.736670702896216
    }, 
    "zoma_fk_lf_thumb_base": {
        "rotateX": 0.0, 
        "rotateY": 0.0, 
        "rotateZ": 0.0, 
        "scaleX": 1.0, 
        "scaleY": 1.0, 
        "scaleZ": 1.0
    }, 
    "zoma_fk_lf_thumb_mid": {
        "rotateX": 0.0, 
        "rotateY": 0.0, 
        "rotateZ": 0.0, 
        "scaleX": 1.0, 
        "scaleY": 1.0, 
        "scaleZ": 1.0
    }, 
    "zoma_fk_lf_thumb_tip": {
        "rotateX": 0.0, 
        "rotateY": 0.0, 
        "rotateZ": 0.0, 
        "scaleX": 1.0, 
        "scaleY": 1.0, 
        "scaleZ": 1.0
    }, 
    "zoma_fk_lf_uparm": {
        "rotateX": -7.42104889812025, 
        "rotateY": -3.4688842817478696, 
        "rotateZ": -4.01553957852416
    }, 
    "zoma_fk_rt_ear": {
        "rotateX": 0.0, 
        "rotateY": 0.0, 
        "rotateZ": 0.0, 
        "scaleX": 1.0, 
        "scaleY": 1.0, 
        "scaleZ": 1.0, 
        "translateX": 0.0, 
        "translateY": 0.0, 
        "translateZ": 0.0
    }, 
    "zoma_fk_rt_hand": {
        "rotateX": 0.0, 
        "rotateY": 0.0, 
        "rotateZ": 0.0
    }, 
    "zoma_fk_rt_hip": {
        "rotateX": 0.0, 
        "rotateY": 0.0, 
        "rotateZ": 0.0
    }, 
    "zoma_fk_rt_index_base": {
        "rotateX": 0.0, 
        "rotateY": 0.0, 
        "rotateZ": 0.0, 
        "scaleX": 1.0, 
        "scaleY": 1.0, 
        "scaleZ": 1.0
    }, 
    "zoma_fk_rt_index_hand": {
        "rotateX": 0.0, 
        "rotateY": 0.0, 
        "rotateZ": 0.0, 
        "scaleX": 1.0, 
        "scaleY": 1.0, 
        "scaleZ": 1.0
    }, 
    "zoma_fk_rt_index_mid": {
        "rotateX": 0.0, 
        "rotateY": 0.0, 
        "rotateZ": 0.0, 
        "scaleX": 1.0, 
        "scaleY": 1.0, 
        "scaleZ": 1.0
    }, 
    "zoma_fk_rt_index_tip": {
        "rotateX": 0.0, 
        "rotateY": 0.0, 
        "rotateZ": 0.0, 
        "scaleX": 1.0, 
        "scaleY": 1.0, 
        "scaleZ": 1.0
    }, 
    "zoma_fk_rt_loarm": {
        "rotateX": 55.68704086509696, 
        "rotateY": 2.3598118798551186, 
        "rotateZ": -0.6077255861430808
    }, 
    "zoma_fk_rt_middle_base": {
        "rotateX": 0.0, 
        "rotateY": 0.0, 
        "rotateZ": 0.0, 
        "scaleX": 1.0, 
        "scaleY": 1.0, 
        "scaleZ": 1.0
    }, 
    "zoma_fk_rt_middle_hand": {
        "rotateX": 0.0, 
        "rotateY": 0.0, 
        "rotateZ": 0.0, 
        "scaleX": 1.0, 
        "scaleY": 1.0, 
        "scaleZ": 1.0
    }, 
    "zoma_fk_rt_middle_mid": {
        "rotateX": 0.0, 
        "rotateY": 0.0, 
        "rotateZ": 0.0, 
        "scaleX": 1.0, 
        "scaleY": 1.0, 
        "scaleZ": 1.0
    }, 
    "zoma_fk_rt_middle_tip": {
        "rotateX": 0.0, 
        "rotateY": 0.0, 
        "rotateZ": 0.0, 
        "scaleX": 1.0, 
        "scaleY": 1.0, 
        "scaleZ": 1.0
    }, 
    "zoma_fk_rt_pinky_base": {
        "rotateX": 0.0, 
        "rotateY": 0.0, 
        "rotateZ": 0.0, 
        "scaleX": 1.0, 
        "scaleY": 1.0, 
        "scaleZ": 1.0
    }, 
    "zoma_fk_rt_pinky_hand": {
        "rotateX": 0.0, 
        "rotateY": 0.0, 
        "rotateZ": 0.0, 
        "scaleX": 1.0, 
        "scaleY": 1.0, 
        "scaleZ": 1.0
    }, 
    "zoma_fk_rt_pinky_mid": {
        "rotateX": 0.0, 
        "rotateY": 0.0, 
        "rotateZ": 0.0, 
        "scaleX": 1.0, 
        "scaleY": 1.0, 
        "scaleZ": 1.0
    }, 
    "zoma_fk_rt_pinky_tip": {
        "rotateX": 0.0, 
        "rotateY": 0.0, 
        "rotateZ": 0.0, 
        "scaleX": 1.0, 
        "scaleY": 1.0, 
        "scaleZ": 1.0
    }, 
    "zoma_fk_rt_ring_base": {
        "rotateX": 0.0, 
        "rotateY": 0.0, 
        "rotateZ": 0.0, 
        "scaleX": 1.0, 
        "scaleY": 1.0, 
        "scaleZ": 1.0
    }, 
    "zoma_fk_rt_ring_hand": {
        "rotateX": 0.0, 
        "rotateY": 0.0, 
        "rotateZ": 0.0, 
        "scaleX": 1.0, 
        "scaleY": 1.0, 
        "scaleZ": 1.0
    }, 
    "zoma_fk_rt_ring_mid": {
        "rotateX": 0.0, 
        "rotateY": 0.0, 
        "rotateZ": 0.0, 
        "scaleX": 1.0, 
        "scaleY": 1.0, 
        "scaleZ": 1.0
    }, 
    "zoma_fk_rt_ring_tip": {
        "rotateX": 0.0, 
        "rotateY": 0.0, 
        "rotateZ": 0.0, 
        "scaleX": 1.0, 
        "scaleY": 1.0, 
        "scaleZ": 1.0
    }, 
    "zoma_fk_rt_shoulder": {
        "rotateX": -1.0934685304260265, 
        "rotateY": 4.984119276290308, 
        "rotateZ": -7.368024810137928
    }, 
    "zoma_fk_rt_thumb_base": {
        "rotateX": 0.0, 
        "rotateY": 0.0, 
        "rotateZ": 0.0, 
        "scaleX": 1.0, 
        "scaleY": 1.0, 
        "scaleZ": 1.0
    }, 
    "zoma_fk_rt_thumb_mid": {
        "rotateX": 0.0, 
        "rotateY": 0.0, 
        "rotateZ": 0.0, 
        "scaleX": 1.0, 
        "scaleY": 1.0, 
        "scaleZ": 1.0
    }, 
    "zoma_fk_rt_thumb_tip": {
        "rotateX": 0.0, 
        "rotateY": 0.0, 
        "rotateZ": 0.0, 
        "scaleX": 1.0, 
        "scaleY": 1.0, 
        "scaleZ": 1.0
    }, 
    "zoma_fk_rt_uparm": {
        "rotateX": 53.29830045097871, 
        "rotateY": 31.491468817771647, 
        "rotateZ": -14.587997532460026
    }, 
    "zoma_ik_lf_ankle": {
        "rotateX": 1.8288189418415224e-14, 
        "rotateY": -7.928091625425415e-15, 
        "rotateZ": -2.5121412366871994e-14
    }, 
    "zoma_ik_rt_ankle": {
        "rotateX": -3.1805546814635187e-15, 
        "rotateY": -7.3061124435597e-15, 
        "rotateZ": 3.7275159368731514e-16
    }
}